PassengerId,Survived,Pclass,Age,Sex_male,Embarked_Q,Embarked_S,SibSp_bin_One,SibSp_bin_Many,Parch_bin_One_Or_Two,Parch_bin_Many
1,0,3.0,22.0,1.0,0.0,1.0,1,0,0,0
2,1,1.0,38.0,0.0,0.0,0.0,1,0,0,0
3,1,3.0,26.0,0.0,0.0,1.0,0,0,0,0
4,1,1.0,35.0,0.0,0.0,1.0,1,0,0,0
5,0,3.0,35.0,1.0,0.0,1.0,0,0,0,0
6,0,3.0,30.12237831614551,1.0,1.0,0.0,0,0,0,0
7,0,1.0,54.0,1.0,0.0,1.0,0,0,0,0
8,0,3.0,2.0,1.0,0.0,1.0,0,1,1,0
9,1,3.0,27.0,0.0,0.0,1.0,0,0,1,0
10,1,2.0,14.0,0.0,0.0,0.0,1,0,0,0
11,1,3.0,4.0,0.0,0.0,1.0,1,0,1,0
12,1,1.0,58.0,0.0,0.0,1.0,0,0,0,0
13,0,3.0,20.0,1.0,0.0,1.0,0,0,0,0
14,0,3.0,39.0,1.0,0.0,1.0,1,0,0,1
15,0,3.0,14.0,0.0,0.0,1.0,0,0,0,0
16,1,2.0,55.0,0.0,0.0,1.0,0,0,0,0
17,0,3.0,2.0,1.0,1.0,0.0,0,1,1,0
18,1,2.0,33.05916413062174,1.0,0.0,1.0,0,0,0,0
19,0,3.0,31.0,0.0,0.0,1.0,1,0,0,0
20,1,3.0,26.92726851426049,0.0,0.0,0.0,0,0,0,0
21,0,2.0,35.0,1.0,0.0,1.0,0,0,0,0
22,1,2.0,34.0,1.0,0.0,1.0,0,0,0,0
23,1,3.0,15.0,0.0,1.0,0.0,0,0,0,0
24,1,1.0,28.0,1.0,0.0,1.0,0,0,0,0
25,0,3.0,8.0,0.0,0.0,1.0,0,1,1,0
26,1,3.0,38.0,0.0,0.0,1.0,1,0,0,1
27,0,3.0,26.086000598092692,1.0,0.0,0.0,0,0,0,0
28,0,1.0,19.0,1.0,0.0,1.0,0,1,1,0
29,1,3.0,26.700637029371205,0.0,1.0,0.0,0,0,0,0
30,0,3.0,30.759550322631075,1.0,0.0,1.0,0,0,0,0
31,0,1.0,40.0,1.0,0.0,0.0,0,0,0,0
32,1,1.0,40.26915519276137,0.0,0.0,0.0,1,0,0,0
33,1,3.0,24.051966322640656,0.0,1.0,0.0,0,0,0,0
34,0,2.0,66.0,1.0,0.0,1.0,0,0,0,0
35,0,1.0,28.0,1.0,0.0,0.0,1,0,0,0
36,0,1.0,42.0,1.0,0.0,1.0,1,0,0,0
37,1,3.0,29.382903446781196,1.0,0.0,0.0,0,0,0,0
38,0,3.0,21.0,1.0,0.0,1.0,0,0,0,0
39,0,3.0,18.0,0.0,0.0,1.0,0,1,0,0
40,1,3.0,14.0,0.0,0.0,0.0,1,0,0,0
41,0,3.0,40.0,0.0,0.0,1.0,1,0,0,0
42,0,2.0,27.0,0.0,0.0,1.0,1,0,0,0
43,0,3.0,27.315586253509412,1.0,0.0,0.0,0,0,0,0
44,1,2.0,3.0,0.0,0.0,0.0,1,0,1,0
45,1,3.0,19.0,0.0,1.0,0.0,0,0,0,0
46,0,3.0,27.99976552085064,1.0,0.0,1.0,0,0,0,0
47,0,3.0,24.36801702925957,1.0,1.0,0.0,1,0,0,0
48,1,3.0,27.199181076822473,0.0,1.0,0.0,0,0,0,0
49,0,3.0,23.68794572742258,1.0,0.0,0.0,0,1,0,0
50,0,3.0,18.0,0.0,0.0,1.0,1,0,0,0
51,0,3.0,7.0,1.0,0.0,1.0,0,1,1,0
52,0,3.0,21.0,1.0,0.0,1.0,0,0,0,0
53,1,1.0,49.0,0.0,0.0,0.0,1,0,0,0
54,1,2.0,29.0,0.0,0.0,1.0,1,0,0,0
55,0,1.0,65.0,1.0,0.0,0.0,0,0,1,0
56,1,1.0,39.61880601318854,1.0,0.0,1.0,0,0,0,0
57,1,2.0,21.0,0.0,0.0,1.0,0,0,0,0
58,0,3.0,28.5,1.0,0.0,0.0,0,0,0,0
59,1,2.0,5.0,0.0,0.0,1.0,1,0,1,0
60,0,3.0,11.0,1.0,0.0,1.0,0,1,1,0
61,0,3.0,22.0,1.0,0.0,0.0,0,0,0,0
62,1,1.0,38.0,0.0,0.0,1.0,0,0,0,0
63,0,1.0,45.0,1.0,0.0,1.0,1,0,0,0
64,0,3.0,4.0,1.0,0.0,1.0,0,1,1,0
65,0,1.0,37.381299702974886,1.0,0.0,0.0,0,0,0,0
66,1,3.0,19.969489212461532,1.0,0.0,0.0,1,0,1,0
67,1,2.0,29.0,0.0,0.0,1.0,0,0,0,0
68,0,3.0,19.0,1.0,0.0,1.0,0,0,0,0
69,1,3.0,17.0,0.0,0.0,1.0,0,1,1,0
70,0,3.0,26.0,1.0,0.0,1.0,0,1,0,0
71,0,2.0,32.0,1.0,0.0,1.0,0,0,0,0
72,0,3.0,16.0,0.0,0.0,1.0,0,1,1,0
73,0,2.0,21.0,1.0,0.0,1.0,0,0,0,0
74,0,3.0,26.0,1.0,0.0,0.0,1,0,0,0
75,1,3.0,32.0,1.0,0.0,1.0,0,0,0,0
76,0,3.0,25.0,1.0,0.0,1.0,0,0,0,0
77,0,3.0,29.137572140770654,1.0,0.0,1.0,0,0,0,0
78,0,3.0,27.28648513225402,1.0,0.0,1.0,0,0,0,0
79,1,2.0,0.83,1.0,0.0,1.0,0,0,1,0
80,1,3.0,30.0,0.0,0.0,1.0,0,0,0,0
81,0,3.0,22.0,1.0,0.0,1.0,0,0,0,0
82,1,3.0,29.0,1.0,0.0,1.0,0,0,0,0
83,1,3.0,28.659159842982508,0.0,1.0,0.0,0,0,0,0
84,0,1.0,28.0,1.0,0.0,1.0,0,0,0,0
85,1,2.0,17.0,0.0,0.0,1.0,0,0,0,0
86,1,3.0,33.0,0.0,0.0,1.0,0,1,0,0
87,0,3.0,16.0,1.0,0.0,1.0,1,0,0,1
88,0,3.0,29.20170183665479,1.0,0.0,1.0,0,0,0,0
89,1,1.0,23.0,0.0,0.0,1.0,0,1,1,0
90,0,3.0,24.0,1.0,0.0,1.0,0,0,0,0
91,0,3.0,29.0,1.0,0.0,1.0,0,0,0,0
92,0,3.0,20.0,1.0,0.0,1.0,0,0,0,0
93,0,1.0,46.0,1.0,0.0,1.0,1,0,0,0
94,0,3.0,26.0,1.0,0.0,1.0,1,0,1,0
95,0,3.0,59.0,1.0,0.0,1.0,0,0,0,0
96,0,3.0,28.560339754501744,1.0,0.0,1.0,0,0,0,0
97,0,1.0,71.0,1.0,0.0,0.0,0,0,0,0
98,1,1.0,23.0,1.0,0.0,0.0,0,0,1,0
99,1,2.0,34.0,0.0,0.0,1.0,0,0,1,0
100,0,2.0,34.0,1.0,0.0,1.0,1,0,0,0
101,0,3.0,28.0,0.0,0.0,1.0,0,0,0,0
102,0,3.0,27.20164691941639,1.0,0.0,1.0,0,0,0,0
103,0,1.0,21.0,1.0,0.0,1.0,0,0,1,0
104,0,3.0,33.0,1.0,0.0,1.0,0,0,0,0
105,0,3.0,37.0,1.0,0.0,1.0,0,1,0,0
106,0,3.0,28.0,1.0,0.0,1.0,0,0,0,0
107,1,3.0,21.0,0.0,0.0,1.0,0,0,0,0
108,1,3.0,26.54628247283543,1.0,0.0,1.0,0,0,0,0
109,0,3.0,38.0,1.0,0.0,1.0,0,0,0,0
110,1,3.0,23.614185994123535,0.0,1.0,0.0,1,0,0,0
111,0,1.0,47.0,1.0,0.0,1.0,0,0,0,0
112,0,3.0,14.5,0.0,0.0,0.0,1,0,0,0
113,0,3.0,22.0,1.0,0.0,1.0,0,0,0,0
114,0,3.0,20.0,0.0,0.0,1.0,1,0,0,0
115,0,3.0,17.0,0.0,0.0,0.0,0,0,0,0
116,0,3.0,21.0,1.0,0.0,1.0,0,0,0,0
117,0,3.0,70.5,1.0,1.0,0.0,0,0,0,0
118,0,2.0,29.0,1.0,0.0,1.0,1,0,0,0
119,0,1.0,24.0,1.0,0.0,0.0,0,0,1,0
120,0,3.0,2.0,0.0,0.0,1.0,0,1,1,0
121,0,2.0,21.0,1.0,0.0,1.0,0,1,0,0
122,0,3.0,28.888108803652795,1.0,0.0,1.0,0,0,0,0
123,0,2.0,32.5,1.0,0.0,0.0,1,0,0,0
124,1,2.0,32.5,0.0,0.0,1.0,0,0,0,0
125,0,1.0,54.0,1.0,0.0,1.0,0,0,1,0
126,1,3.0,12.0,1.0,0.0,0.0,1,0,0,0
127,0,3.0,25.536298321965532,1.0,1.0,0.0,0,0,0,0
128,1,3.0,24.0,1.0,0.0,1.0,0,0,0,0
129,1,3.0,22.5847204596358,0.0,0.0,0.0,1,0,1,0
130,0,3.0,45.0,1.0,0.0,1.0,0,0,0,0
131,0,3.0,33.0,1.0,0.0,0.0,0,0,0,0
132,0,3.0,20.0,1.0,0.0,1.0,0,0,0,0
133,0,3.0,47.0,0.0,0.0,1.0,1,0,0,0
134,1,2.0,29.0,0.0,0.0,1.0,1,0,0,0
135,0,2.0,25.0,1.0,0.0,1.0,0,0,0,0
136,0,2.0,23.0,1.0,0.0,0.0,0,0,0,0
137,1,1.0,19.0,0.0,0.0,1.0,0,0,1,0
138,0,1.0,37.0,1.0,0.0,1.0,1,0,0,0
139,0,3.0,16.0,1.0,0.0,1.0,0,0,0,0
140,0,1.0,24.0,1.0,0.0,0.0,0,0,0,0
141,0,3.0,25.03504837671686,0.0,0.0,0.0,0,0,1,0
142,1,3.0,22.0,0.0,0.0,1.0,0,0,0,0
143,1,3.0,24.0,0.0,0.0,1.0,1,0,0,0
144,0,3.0,19.0,1.0,1.0,0.0,0,0,0,0
145,0,2.0,18.0,1.0,0.0,1.0,0,0,0,0
146,0,2.0,19.0,1.0,0.0,1.0,1,0,1,0
147,1,3.0,27.0,1.0,0.0,1.0,0,0,0,0
148,0,3.0,9.0,0.0,0.0,1.0,0,1,1,0
149,0,2.0,36.5,1.0,0.0,1.0,0,0,1,0
150,0,2.0,42.0,1.0,0.0,1.0,0,0,0,0
151,0,2.0,51.0,1.0,0.0,1.0,0,0,0,0
152,1,1.0,22.0,0.0,0.0,1.0,1,0,0,0
153,0,3.0,55.5,1.0,0.0,1.0,0,0,0,0
154,0,3.0,40.5,1.0,0.0,1.0,0,0,1,0
155,0,3.0,30.178471644742466,1.0,0.0,1.0,0,0,0,0
156,0,1.0,51.0,1.0,0.0,0.0,0,0,1,0
157,1,3.0,16.0,0.0,1.0,0.0,0,0,0,0
158,0,3.0,30.0,1.0,0.0,1.0,0,0,0,0
159,0,3.0,32.66505736412962,1.0,0.0,1.0,0,0,0,0
160,0,3.0,4.561541925543951,1.0,0.0,1.0,0,1,1,0
161,0,3.0,44.0,1.0,0.0,1.0,0,0,1,0
162,1,2.0,40.0,0.0,0.0,1.0,0,0,0,0
163,0,3.0,26.0,1.0,0.0,1.0,0,0,0,0
164,0,3.0,17.0,1.0,0.0,1.0,0,0,0,0
165,0,3.0,1.0,1.0,0.0,1.0,0,1,1,0
166,1,3.0,9.0,1.0,0.0,1.0,0,0,1,0
167,1,1.0,35.01599764349449,0.0,0.0,1.0,0,0,1,0
168,0,3.0,45.0,0.0,0.0,1.0,1,0,0,1
169,0,1.0,37.81603296646235,1.0,0.0,1.0,0,0,0,0
170,0,3.0,28.0,1.0,0.0,1.0,0,0,0,0
171,0,1.0,61.0,1.0,0.0,1.0,0,0,0,0
172,0,3.0,4.0,1.0,1.0,0.0,0,1,1,0
173,1,3.0,1.0,0.0,0.0,1.0,1,0,1,0
174,0,3.0,21.0,1.0,0.0,1.0,0,0,0,0
175,0,1.0,56.0,1.0,0.0,0.0,0,0,0,0
176,0,3.0,18.0,1.0,0.0,1.0,1,0,1,0
177,0,3.0,18.85841611251592,1.0,0.0,1.0,0,1,1,0
178,0,1.0,50.0,0.0,0.0,0.0,0,0,0,0
179,0,2.0,30.0,1.0,0.0,1.0,0,0,0,0
180,0,3.0,36.0,1.0,0.0,1.0,0,0,0,0
181,0,3.0,4.305010636232018,0.0,0.0,1.0,0,1,1,0
182,0,2.0,32.469419048223,1.0,0.0,0.0,0,0,0,0
183,0,3.0,9.0,1.0,0.0,1.0,0,1,1,0
184,1,2.0,1.0,1.0,0.0,1.0,0,1,1,0
185,1,3.0,4.0,0.0,0.0,1.0,0,0,1,0
186,0,1.0,43.86729406863008,1.0,0.0,1.0,0,0,0,0
187,1,3.0,24.776917022923303,0.0,1.0,0.0,1,0,0,0
188,1,1.0,45.0,1.0,0.0,1.0,0,0,0,0
189,0,3.0,40.0,1.0,1.0,0.0,1,0,1,0
190,0,3.0,36.0,1.0,0.0,1.0,0,0,0,0
191,1,2.0,32.0,0.0,0.0,1.0,0,0,0,0
192,0,2.0,19.0,1.0,0.0,1.0,0,0,0,0
193,1,3.0,19.0,0.0,0.0,1.0,1,0,0,0
194,1,2.0,3.0,1.0,0.0,1.0,1,0,1,0
195,1,1.0,44.0,0.0,0.0,0.0,0,0,0,0
196,1,1.0,58.0,0.0,0.0,0.0,0,0,0,0
197,0,3.0,28.106646897625396,1.0,1.0,0.0,0,0,0,0
198,0,3.0,42.0,1.0,0.0,1.0,0,0,1,0
199,1,3.0,25.711567442026517,0.0,1.0,0.0,0,0,0,0
200,0,2.0,24.0,0.0,0.0,1.0,0,0,0,0
201,0,3.0,28.0,1.0,0.0,1.0,0,0,0,0
202,0,3.0,5.030542398961349,1.0,0.0,1.0,0,1,1,0
203,0,3.0,34.0,1.0,0.0,1.0,0,0,0,0
204,0,3.0,45.5,1.0,0.0,0.0,0,0,0,0
205,1,3.0,18.0,1.0,0.0,1.0,0,0,0,0
206,0,3.0,2.0,0.0,0.0,1.0,0,0,1,0
207,0,3.0,32.0,1.0,0.0,1.0,1,0,0,0
208,1,3.0,26.0,1.0,0.0,0.0,0,0,0,0
209,1,3.0,16.0,0.0,1.0,0.0,0,0,0,0
210,1,1.0,40.0,1.0,0.0,0.0,0,0,0,0
211,0,3.0,24.0,1.0,0.0,1.0,0,0,0,0
212,1,2.0,35.0,0.0,0.0,1.0,0,0,0,0
213,0,3.0,22.0,1.0,0.0,1.0,0,0,0,0
214,0,2.0,30.0,1.0,0.0,1.0,0,0,0,0
215,0,3.0,23.76951078895591,1.0,1.0,0.0,1,0,0,0
216,1,1.0,31.0,0.0,0.0,0.0,1,0,0,0
217,1,3.0,27.0,0.0,0.0,1.0,0,0,0,0
218,0,2.0,42.0,1.0,0.0,1.0,1,0,0,0
219,1,1.0,32.0,0.0,0.0,0.0,0,0,0,0
220,0,2.0,30.0,1.0,0.0,1.0,0,0,0,0
221,1,3.0,16.0,1.0,0.0,1.0,0,0,0,0
222,0,2.0,27.0,1.0,0.0,1.0,0,0,0,0
223,0,3.0,51.0,1.0,0.0,1.0,0,0,0,0
224,0,3.0,28.813482973754795,1.0,0.0,1.0,0,0,0,0
225,1,1.0,38.0,1.0,0.0,1.0,1,0,0,0
226,0,3.0,22.0,1.0,0.0,1.0,0,0,0,0
227,1,2.0,19.0,1.0,0.0,1.0,0,0,0,0
228,0,3.0,20.5,1.0,0.0,1.0,0,0,0,0
229,0,2.0,18.0,1.0,0.0,1.0,0,0,0,0
230,0,3.0,18.49278984281185,0.0,0.0,1.0,0,1,1,0
231,1,1.0,35.0,0.0,0.0,1.0,1,0,0,0
232,0,3.0,29.0,1.0,0.0,1.0,0,0,0,0
233,0,2.0,59.0,1.0,0.0,1.0,0,0,0,0
234,1,3.0,5.0,0.0,0.0,1.0,0,1,1,0
235,0,2.0,24.0,1.0,0.0,1.0,0,0,0,0
236,0,3.0,25.722525119903853,0.0,0.0,1.0,0,0,0,0
237,0,2.0,44.0,1.0,0.0,1.0,1,0,0,0
238,1,2.0,8.0,0.0,0.0,1.0,0,0,1,0
239,0,2.0,19.0,1.0,0.0,1.0,0,0,0,0
240,0,2.0,33.0,1.0,0.0,1.0,0,0,0,0
241,0,3.0,23.590688835406464,0.0,0.0,0.0,1,0,0,0
242,1,3.0,27.808990493604906,0.0,1.0,0.0,1,0,0,0
243,0,2.0,29.0,1.0,0.0,1.0,0,0,0,0
244,0,3.0,22.0,1.0,0.0,1.0,0,0,0,0
245,0,3.0,30.0,1.0,0.0,0.0,0,0,0,0
246,0,1.0,44.0,1.0,1.0,0.0,0,1,0,0
247,0,3.0,25.0,0.0,0.0,1.0,0,0,0,0
248,1,2.0,24.0,0.0,0.0,1.0,0,0,1,0
249,1,1.0,37.0,1.0,0.0,1.0,1,0,1,0
250,0,2.0,54.0,1.0,0.0,1.0,1,0,0,0
251,0,3.0,28.034248841809823,1.0,0.0,1.0,0,0,0,0
252,0,3.0,29.0,0.0,0.0,1.0,1,0,1,0
253,0,1.0,62.0,1.0,0.0,1.0,0,0,0,0
254,0,3.0,30.0,1.0,0.0,1.0,1,0,0,0
255,0,3.0,41.0,0.0,0.0,1.0,0,0,1,0
256,1,3.0,29.0,0.0,0.0,0.0,0,0,1,0
257,1,1.0,39.862061713979045,0.0,0.0,0.0,0,0,0,0
258,1,1.0,30.0,0.0,0.0,1.0,0,0,0,0
259,1,1.0,35.0,0.0,0.0,0.0,0,0,0,0
260,1,2.0,50.0,0.0,0.0,1.0,0,0,1,0
261,0,3.0,27.319017858679704,1.0,1.0,0.0,0,0,0,0
262,1,3.0,3.0,1.0,0.0,1.0,0,1,1,0
263,0,1.0,52.0,1.0,0.0,1.0,1,0,1,0
264,0,1.0,40.0,1.0,0.0,1.0,0,0,0,0
265,0,3.0,27.973872326530525,0.0,1.0,0.0,0,0,0,0
266,0,2.0,36.0,1.0,0.0,1.0,0,0,0,0
267,0,3.0,16.0,1.0,0.0,1.0,0,1,1,0
268,1,3.0,25.0,1.0,0.0,1.0,1,0,0,0
269,1,1.0,58.0,0.0,0.0,1.0,0,0,1,0
270,1,1.0,35.0,0.0,0.0,1.0,0,0,0,0
271,0,1.0,35.8357641466808,1.0,0.0,1.0,0,0,0,0
272,1,3.0,25.0,1.0,0.0,1.0,0,0,0,0
273,1,2.0,41.0,0.0,0.0,1.0,0,0,1,0
274,0,1.0,37.0,1.0,0.0,0.0,0,0,1,0
275,1,3.0,28.275418978441813,0.0,1.0,0.0,0,0,0,0
276,1,1.0,63.0,0.0,0.0,1.0,1,0,0,0
277,0,3.0,45.0,0.0,0.0,1.0,0,0,0,0
278,0,2.0,26.924428732249602,1.0,0.0,1.0,0,0,0,0
279,0,3.0,7.0,1.0,1.0,0.0,0,1,1,0
280,1,3.0,35.0,0.0,0.0,1.0,1,0,1,0
281,0,3.0,65.0,1.0,1.0,0.0,0,0,0,0
282,0,3.0,28.0,1.0,0.0,1.0,0,0,0,0
283,0,3.0,16.0,1.0,0.0,1.0,0,0,0,0
284,1,3.0,19.0,1.0,0.0,1.0,0,0,0,0
285,0,1.0,36.14645777395158,1.0,0.0,1.0,0,0,0,0
286,0,3.0,33.0,1.0,0.0,0.0,0,0,0,0
287,1,3.0,30.0,1.0,0.0,1.0,0,0,0,0
288,0,3.0,22.0,1.0,0.0,1.0,0,0,0,0
289,1,2.0,42.0,1.0,0.0,1.0,0,0,0,0
290,1,3.0,22.0,0.0,1.0,0.0,0,0,0,0
291,1,1.0,26.0,0.0,0.0,1.0,0,0,0,0
292,1,1.0,19.0,0.0,0.0,0.0,1,0,0,0
293,0,2.0,36.0,1.0,0.0,0.0,0,0,0,0
294,0,3.0,24.0,0.0,0.0,1.0,0,0,0,0
295,0,3.0,24.0,1.0,0.0,1.0,0,0,0,0
296,0,1.0,38.37253732412489,1.0,0.0,0.0,0,0,0,0
297,0,3.0,23.5,1.0,0.0,0.0,0,0,0,0
298,0,1.0,2.0,0.0,0.0,1.0,1,0,1,0
299,1,1.0,40.21689152013998,1.0,0.0,1.0,0,0,0,0
300,1,1.0,50.0,0.0,0.0,0.0,0,0,1,0
301,1,3.0,27.405128640027492,0.0,1.0,0.0,0,0,0,0
302,1,3.0,25.10452616696779,1.0,1.0,0.0,0,1,0,0
303,0,3.0,19.0,1.0,0.0,1.0,0,0,0,0
304,1,2.0,30.6347101645981,0.0,1.0,0.0,0,0,0,0
305,0,3.0,27.8808856066566,1.0,0.0,1.0,0,0,0,0
306,1,1.0,0.92,1.0,0.0,1.0,1,0,1,0
307,1,1.0,34.85834889425978,0.0,0.0,0.0,0,0,0,0
308,1,1.0,17.0,0.0,0.0,0.0,1,0,0,0
309,0,2.0,30.0,1.0,0.0,0.0,1,0,0,0
310,1,1.0,30.0,0.0,0.0,0.0,0,0,0,0
311,1,1.0,24.0,0.0,0.0,0.0,0,0,0,0
312,1,1.0,18.0,0.0,0.0,0.0,0,1,1,0
313,0,2.0,26.0,0.0,0.0,1.0,1,0,1,0
314,0,3.0,28.0,1.0,0.0,1.0,0,0,0,0
315,0,2.0,43.0,1.0,0.0,1.0,1,0,1,0
316,1,3.0,26.0,0.0,0.0,1.0,0,0,0,0
317,1,2.0,24.0,0.0,0.0,1.0,1,0,0,0
318,0,2.0,54.0,1.0,0.0,1.0,0,0,0,0
319,1,1.0,31.0,0.0,0.0,1.0,0,0,1,0
320,1,1.0,40.0,0.0,0.0,0.0,1,0,1,0
321,0,3.0,22.0,1.0,0.0,1.0,0,0,0,0
322,0,3.0,27.0,1.0,0.0,1.0,0,0,0,0
323,1,2.0,30.0,0.0,1.0,0.0,0,0,0,0
324,1,2.0,22.0,0.0,0.0,1.0,1,0,1,0
325,0,3.0,4.884767514230019,1.0,0.0,1.0,0,1,1,0
326,1,1.0,36.0,0.0,0.0,0.0,0,0,0,0
327,0,3.0,61.0,1.0,0.0,1.0,0,0,0,0
328,1,2.0,36.0,0.0,0.0,1.0,0,0,0,0
329,1,3.0,31.0,0.0,0.0,1.0,1,0,1,0
330,1,1.0,16.0,0.0,0.0,0.0,0,0,1,0
331,1,3.0,23.139803109084497,0.0,1.0,0.0,0,1,0,0
332,0,1.0,45.5,1.0,0.0,1.0,0,0,0,0
333,0,1.0,38.0,1.0,0.0,1.0,0,0,1,0
334,0,3.0,16.0,1.0,0.0,1.0,0,1,0,0
335,1,1.0,42.97006017331111,0.0,0.0,1.0,1,0,0,0
336,0,3.0,30.166928478371723,1.0,0.0,1.0,0,0,0,0
337,0,1.0,29.0,1.0,0.0,1.0,1,0,0,0
338,1,1.0,41.0,0.0,0.0,0.0,0,0,0,0
339,1,3.0,45.0,1.0,0.0,1.0,0,0,0,0
340,0,1.0,45.0,1.0,0.0,1.0,0,0,0,0
341,1,2.0,2.0,1.0,0.0,1.0,1,0,1,0
342,1,1.0,24.0,0.0,0.0,1.0,0,1,1,0
343,0,2.0,28.0,1.0,0.0,1.0,0,0,0,0
344,0,2.0,25.0,1.0,0.0,1.0,0,0,0,0
345,0,2.0,36.0,1.0,0.0,1.0,0,0,0,0
346,1,2.0,24.0,0.0,0.0,1.0,0,0,0,0
347,1,2.0,40.0,0.0,0.0,1.0,0,0,0,0
348,1,3.0,22.870031981251312,0.0,0.0,1.0,1,0,0,0
349,1,3.0,3.0,1.0,0.0,1.0,1,0,1,0
350,0,3.0,42.0,1.0,0.0,1.0,0,0,0,0
351,0,3.0,23.0,1.0,0.0,1.0,0,0,0,0
352,0,1.0,38.16486401015029,1.0,0.0,1.0,0,0,0,0
353,0,3.0,15.0,1.0,0.0,0.0,1,0,1,0
354,0,3.0,25.0,1.0,0.0,1.0,1,0,0,0
355,0,3.0,27.14089170091981,1.0,0.0,0.0,0,0,0,0
356,0,3.0,28.0,1.0,0.0,1.0,0,0,0,0
357,1,1.0,22.0,0.0,0.0,1.0,0,0,1,0
358,0,2.0,38.0,0.0,0.0,1.0,0,0,0,0
359,1,3.0,26.76581186033125,0.0,1.0,0.0,0,0,0,0
360,1,3.0,28.398973864257044,0.0,1.0,0.0,0,0,0,0
361,0,3.0,40.0,1.0,0.0,1.0,1,0,0,1
362,0,2.0,29.0,1.0,0.0,0.0,1,0,0,0
363,0,3.0,45.0,0.0,0.0,0.0,0,0,1,0
364,0,3.0,35.0,1.0,0.0,1.0,0,0,0,0
365,0,3.0,26.484691479766422,1.0,1.0,0.0,1,0,0,0
366,0,3.0,30.0,1.0,0.0,1.0,0,0,0,0
367,1,1.0,60.0,0.0,0.0,0.0,1,0,0,0
368,1,3.0,26.918711280311722,0.0,0.0,0.0,0,0,0,0
369,1,3.0,27.6874350130213,0.0,1.0,0.0,0,0,0,0
370,1,1.0,24.0,0.0,0.0,0.0,0,0,0,0
371,1,1.0,25.0,1.0,0.0,0.0,1,0,0,0
372,0,3.0,18.0,1.0,0.0,1.0,1,0,0,0
373,0,3.0,19.0,1.0,0.0,1.0,0,0,0,0
374,0,1.0,22.0,1.0,0.0,0.0,0,0,0,0
375,0,3.0,3.0,0.0,0.0,1.0,0,1,1,0
376,1,1.0,37.21854172508108,0.0,0.0,0.0,1,0,0,0
377,1,3.0,22.0,0.0,0.0,1.0,0,0,0,0
378,0,1.0,27.0,1.0,0.0,0.0,0,0,1,0
379,0,3.0,20.0,1.0,0.0,0.0,0,0,0,0
380,0,3.0,19.0,1.0,0.0,1.0,0,0,0,0
381,1,1.0,42.0,0.0,0.0,0.0,0,0,0,0
382,1,3.0,1.0,0.0,0.0,0.0,0,0,1,0
383,0,3.0,32.0,1.0,0.0,1.0,0,0,0,0
384,1,1.0,35.0,0.0,0.0,1.0,1,0,0,0
385,0,3.0,29.697669838199168,1.0,0.0,1.0,0,0,0,0
386,0,2.0,18.0,1.0,0.0,1.0,0,0,0,0
387,0,3.0,1.0,1.0,0.0,1.0,0,1,1,0
388,1,2.0,36.0,0.0,0.0,1.0,0,0,0,0
389,0,3.0,29.507534938828,1.0,1.0,0.0,0,0,0,0
390,1,2.0,17.0,0.0,0.0,0.0,0,0,0,0
391,1,1.0,36.0,1.0,0.0,1.0,1,0,1,0
392,1,3.0,21.0,1.0,0.0,1.0,0,0,0,0
393,0,3.0,28.0,1.0,0.0,1.0,0,1,0,0
394,1,1.0,23.0,0.0,0.0,0.0,1,0,0,0
395,1,3.0,24.0,0.0,0.0,1.0,0,0,1,0
396,0,3.0,22.0,1.0,0.0,1.0,0,0,0,0
397,0,3.0,31.0,0.0,0.0,1.0,0,0,0,0
398,0,2.0,46.0,1.0,0.0,1.0,0,0,0,0
399,0,2.0,23.0,1.0,0.0,1.0,0,0,0,0
400,1,2.0,28.0,0.0,0.0,1.0,0,0,0,0
401,1,3.0,39.0,1.0,0.0,1.0,0,0,0,0
402,0,3.0,26.0,1.0,0.0,1.0,0,0,0,0
403,0,3.0,21.0,0.0,0.0,1.0,1,0,0,0
404,0,3.0,28.0,1.0,0.0,1.0,1,0,0,0
405,0,3.0,20.0,0.0,0.0,1.0,0,0,0,0
406,0,2.0,34.0,1.0,0.0,1.0,1,0,0,0
407,0,3.0,51.0,1.0,0.0,1.0,0,0,0,0
408,1,2.0,3.0,1.0,0.0,1.0,1,0,1,0
409,0,3.0,21.0,1.0,0.0,1.0,0,0,0,0
410,0,3.0,17.509970976792566,0.0,0.0,1.0,0,1,1,0
411,0,3.0,29.21592244225366,1.0,0.0,1.0,0,0,0,0
412,0,3.0,29.106377173417705,1.0,1.0,0.0,0,0,0,0
413,1,1.0,33.0,0.0,1.0,0.0,1,0,0,0
414,0,2.0,31.283683018527753,1.0,0.0,1.0,0,0,0,0
415,1,3.0,44.0,1.0,0.0,1.0,0,0,0,0
416,0,3.0,27.765925183567994,0.0,0.0,1.0,0,0,0,0
417,1,2.0,34.0,0.0,0.0,1.0,1,0,1,0
418,1,2.0,18.0,0.0,0.0,1.0,0,0,1,0
419,0,2.0,30.0,1.0,0.0,1.0,0,0,0,0
420,0,3.0,10.0,0.0,0.0,1.0,0,0,1,0
421,0,3.0,29.045299050625935,1.0,0.0,0.0,0,0,0,0
422,0,3.0,21.0,1.0,1.0,0.0,0,0,0,0
423,0,3.0,29.0,1.0,0.0,1.0,0,0,0,0
424,0,3.0,28.0,0.0,0.0,1.0,1,0,1,0
425,0,3.0,18.0,1.0,0.0,1.0,1,0,1,0
426,0,3.0,28.446964453481147,1.0,0.0,1.0,0,0,0,0
427,1,2.0,28.0,0.0,0.0,1.0,1,0,0,0
428,1,2.0,19.0,0.0,0.0,1.0,0,0,0,0
429,0,3.0,26.58623638116261,1.0,1.0,0.0,0,0,0,0
430,1,3.0,32.0,1.0,0.0,1.0,0,0,0,0
431,1,1.0,28.0,1.0,0.0,1.0,0,0,0,0
432,1,3.0,25.822165614886043,0.0,0.0,1.0,1,0,0,0
433,1,2.0,42.0,0.0,0.0,1.0,1,0,0,0
434,0,3.0,17.0,1.0,0.0,1.0,0,0,0,0
435,0,1.0,50.0,1.0,0.0,1.0,1,0,0,0
436,1,1.0,14.0,0.0,0.0,1.0,1,0,1,0
437,0,3.0,21.0,0.0,0.0,1.0,0,1,1,0
438,1,2.0,24.0,0.0,0.0,1.0,0,1,0,1
439,0,1.0,64.0,1.0,0.0,1.0,1,0,0,1
440,0,2.0,31.0,1.0,0.0,1.0,0,0,0,0
441,1,2.0,45.0,0.0,0.0,1.0,1,0,1,0
442,0,3.0,20.0,1.0,0.0,1.0,0,0,0,0
443,0,3.0,25.0,1.0,0.0,1.0,1,0,0,0
444,1,2.0,28.0,0.0,0.0,1.0,0,0,0,0
445,1,3.0,30.533827041626292,1.0,0.0,1.0,0,0,0,0
446,1,1.0,4.0,1.0,0.0,1.0,0,0,1,0
447,1,2.0,13.0,0.0,0.0,1.0,0,0,1,0
448,1,1.0,34.0,1.0,0.0,1.0,0,0,0,0
449,1,3.0,5.0,0.0,0.0,0.0,0,1,1,0
450,1,1.0,52.0,1.0,0.0,1.0,0,0,0,0
451,0,2.0,36.0,1.0,0.0,1.0,1,0,1,0
452,0,3.0,30.686868281168408,1.0,0.0,1.0,1,0,0,0
453,0,1.0,30.0,1.0,0.0,0.0,0,0,0,0
454,1,1.0,49.0,1.0,0.0,0.0,1,0,0,0
455,0,3.0,29.171075776112897,1.0,0.0,1.0,0,0,0,0
456,1,3.0,29.0,1.0,0.0,0.0,0,0,0,0
457,0,1.0,65.0,1.0,0.0,1.0,0,0,0,0
458,1,1.0,33.37945099764735,0.0,0.0,1.0,1,0,0,0
459,1,2.0,50.0,0.0,0.0,1.0,0,0,0,0
460,0,3.0,28.970339841681554,1.0,1.0,0.0,0,0,0,0
461,1,1.0,48.0,1.0,0.0,1.0,0,0,0,0
462,0,3.0,34.0,1.0,0.0,1.0,0,0,0,0
463,0,1.0,47.0,1.0,0.0,1.0,0,0,0,0
464,0,2.0,48.0,1.0,0.0,1.0,0,0,0,0
465,0,3.0,26.820501050689746,1.0,0.0,1.0,0,0,0,0
466,0,3.0,38.0,1.0,0.0,1.0,0,0,0,0
467,0,2.0,29.47509853625195,1.0,0.0,1.0,0,0,0,0
468,0,1.0,56.0,1.0,0.0,1.0,0,0,0,0
469,0,3.0,28.69133980050568,1.0,1.0,0.0,0,0,0,0
470,1,3.0,0.75,0.0,0.0,0.0,0,1,1,0
471,0,3.0,27.408847023156667,1.0,0.0,1.0,0,0,0,0
472,0,3.0,38.0,1.0,0.0,1.0,0,0,0,0
473,1,2.0,33.0,0.0,0.0,1.0,1,0,1,0
474,1,2.0,23.0,0.0,0.0,0.0,0,0,0,0
475,0,3.0,22.0,0.0,0.0,1.0,0,0,0,0
476,0,1.0,36.36522118835713,1.0,0.0,1.0,0,0,0,0
477,0,2.0,34.0,1.0,0.0,1.0,1,0,0,0
478,0,3.0,29.0,1.0,0.0,1.0,1,0,0,0
479,0,3.0,22.0,1.0,0.0,1.0,0,0,0,0
480,1,3.0,2.0,0.0,0.0,1.0,0,0,1,0
481,0,3.0,9.0,1.0,0.0,1.0,0,1,1,0
482,0,2.0,29.557872355273574,1.0,0.0,1.0,0,0,0,0
483,0,3.0,50.0,1.0,0.0,1.0,0,0,0,0
484,1,3.0,63.0,0.0,0.0,1.0,0,0,0,0
485,1,1.0,25.0,1.0,0.0,0.0,1,0,0,0
486,0,3.0,18.389209201855824,0.0,0.0,1.0,0,1,1,0
487,1,1.0,35.0,0.0,0.0,1.0,1,0,0,0
488,0,1.0,58.0,1.0,0.0,0.0,0,0,0,0
489,0,3.0,30.0,1.0,0.0,1.0,0,0,0,0
490,1,3.0,9.0,1.0,0.0,1.0,1,0,1,0
491,0,3.0,32.246523413011516,1.0,0.0,1.0,1,0,0,0
492,0,3.0,21.0,1.0,0.0,1.0,0,0,0,0
493,0,1.0,55.0,1.0,0.0,1.0,0,0,0,0
494,0,1.0,71.0,1.0,0.0,0.0,0,0,0,0
495,0,3.0,21.0,1.0,0.0,1.0,0,0,0,0
496,0,3.0,27.329294192616914,1.0,0.0,0.0,0,0,0,0
497,1,1.0,54.0,0.0,0.0,0.0,1,0,0,0
498,0,3.0,28.649821388876557,1.0,0.0,1.0,0,0,0,0
499,0,1.0,25.0,0.0,0.0,1.0,1,0,1,0
500,0,3.0,24.0,1.0,0.0,1.0,0,0,0,0
501,0,3.0,17.0,1.0,0.0,1.0,0,0,0,0
502,0,3.0,21.0,0.0,1.0,0.0,0,0,0,0
503,0,3.0,25.468854663033554,0.0,1.0,0.0,0,0,0,0
504,0,3.0,37.0,0.0,0.0,1.0,0,0,0,0
505,1,1.0,16.0,0.0,0.0,1.0,0,0,0,0
506,0,1.0,18.0,1.0,0.0,0.0,1,0,0,0
507,1,2.0,33.0,0.0,0.0,1.0,0,0,1,0
508,1,1.0,36.809296692022684,1.0,0.0,1.0,0,0,0,0
509,0,3.0,28.0,1.0,0.0,1.0,0,0,0,0
510,1,3.0,26.0,1.0,0.0,1.0,0,0,0,0
511,1,3.0,29.0,1.0,1.0,0.0,0,0,0,0
512,0,3.0,30.295497491595327,1.0,0.0,1.0,0,0,0,0
513,1,1.0,36.0,1.0,0.0,1.0,0,0,0,0
514,1,1.0,54.0,0.0,0.0,0.0,1,0,0,0
515,0,3.0,24.0,1.0,0.0,1.0,0,0,0,0
516,0,1.0,47.0,1.0,0.0,1.0,0,0,0,0
517,1,2.0,34.0,0.0,0.0,1.0,0,0,0,0
518,0,3.0,29.470440406868356,1.0,1.0,0.0,0,0,0,0
519,1,2.0,36.0,0.0,0.0,1.0,1,0,0,0
520,0,3.0,32.0,1.0,0.0,1.0,0,0,0,0
521,1,1.0,30.0,0.0,0.0,1.0,0,0,0,0
522,0,3.0,22.0,1.0,0.0,1.0,0,0,0,0
523,0,3.0,28.274684048638605,1.0,0.0,0.0,0,0,0,0
524,1,1.0,44.0,0.0,0.0,0.0,0,0,1,0
525,0,3.0,27.750100749759635,1.0,0.0,0.0,0,0,0,0
526,0,3.0,40.5,1.0,1.0,0.0,0,0,0,0
527,1,2.0,50.0,0.0,0.0,1.0,0,0,0,0
528,0,1.0,45.43625122739704,1.0,0.0,1.0,0,0,0,0
529,0,3.0,39.0,1.0,0.0,1.0,0,0,0,0
530,0,2.0,23.0,1.0,0.0,1.0,0,1,1,0
531,1,2.0,2.0,0.0,0.0,1.0,1,0,1,0
532,0,3.0,29.841110194402468,1.0,0.0,0.0,0,0,0,0
533,0,3.0,17.0,1.0,0.0,0.0,1,0,1,0
534,1,3.0,24.985424657795683,0.0,0.0,0.0,0,0,1,0
535,0,3.0,30.0,0.0,0.0,1.0,0,0,0,0
536,1,2.0,7.0,0.0,0.0,1.0,0,0,1,0
537,0,1.0,45.0,1.0,0.0,1.0,0,0,0,0
538,1,1.0,30.0,0.0,0.0,0.0,0,0,0,0
539,0,3.0,28.110424602592467,1.0,0.0,1.0,0,0,0,0
540,1,1.0,22.0,0.0,0.0,0.0,0,0,1,0
541,1,1.0,36.0,0.0,0.0,1.0,0,0,1,0
542,0,3.0,9.0,0.0,0.0,1.0,0,1,1,0
543,0,3.0,11.0,0.0,0.0,1.0,0,1,1,0
544,1,2.0,32.0,1.0,0.0,1.0,1,0,0,0
545,0,1.0,50.0,1.0,0.0,0.0,1,0,0,0
546,0,1.0,64.0,1.0,0.0,1.0,0,0,0,0
547,1,2.0,19.0,0.0,0.0,1.0,1,0,0,0
548,1,2.0,32.25640924371888,1.0,0.0,0.0,0,0,0,0
549,0,3.0,33.0,1.0,0.0,1.0,1,0,1,0
550,1,2.0,8.0,1.0,0.0,1.0,1,0,1,0
551,1,1.0,17.0,1.0,0.0,0.0,0,0,1,0
552,0,2.0,27.0,1.0,0.0,1.0,0,0,0,0
553,0,3.0,29.99334193748851,1.0,1.0,0.0,0,0,0,0
554,1,3.0,22.0,1.0,0.0,0.0,0,0,0,0
555,1,3.0,22.0,0.0,0.0,1.0,0,0,0,0
556,0,1.0,62.0,1.0,0.0,1.0,0,0,0,0
557,1,1.0,48.0,0.0,0.0,0.0,1,0,0,0
558,0,1.0,40.29560613639305,1.0,0.0,0.0,0,0,0,0
559,1,1.0,39.0,0.0,0.0,1.0,1,0,1,0
560,1,3.0,36.0,0.0,0.0,1.0,1,0,0,0
561,0,3.0,28.37389232744891,1.0,1.0,0.0,0,0,0,0
562,0,3.0,40.0,1.0,0.0,1.0,0,0,0,0
563,0,2.0,28.0,1.0,0.0,1.0,0,0,0,0
564,0,3.0,28.757937019662094,1.0,0.0,1.0,0,0,0,0
565,0,3.0,28.635192801263596,0.0,0.0,1.0,0,0,0,0
566,0,3.0,24.0,1.0,0.0,1.0,0,1,0,0
567,0,3.0,19.0,1.0,0.0,1.0,0,0,0,0
568,0,3.0,29.0,0.0,0.0,1.0,0,0,0,1
569,0,3.0,28.068646972604775,1.0,0.0,0.0,0,0,0,0
570,1,3.0,32.0,1.0,0.0,1.0,0,0,0,0
571,1,2.0,62.0,1.0,0.0,1.0,0,0,0,0
572,1,1.0,53.0,0.0,0.0,1.0,0,1,0,0
573,1,1.0,36.0,1.0,0.0,1.0,0,0,0,0
574,1,3.0,28.983994270705146,0.0,1.0,0.0,0,0,0,0
575,0,3.0,16.0,1.0,0.0,1.0,0,0,0,0
576,0,3.0,19.0,1.0,0.0,1.0,0,0,0,0
577,1,2.0,34.0,0.0,0.0,1.0,0,0,0,0
578,1,1.0,39.0,0.0,0.0,1.0,1,0,0,0
579,0,3.0,25.51461161530048,0.0,0.0,0.0,1,0,0,0
580,1,3.0,32.0,1.0,0.0,1.0,0,0,0,0
581,1,2.0,25.0,0.0,0.0,1.0,1,0,1,0
582,1,1.0,39.0,0.0,0.0,0.0,1,0,1,0
583,0,2.0,54.0,1.0,0.0,1.0,0,0,0,0
584,0,1.0,36.0,1.0,0.0,0.0,0,0,0,0
585,0,3.0,28.47114792166641,1.0,0.0,0.0,0,0,0,0
586,1,1.0,18.0,0.0,0.0,1.0,0,0,1,0
587,0,2.0,47.0,1.0,0.0,1.0,0,0,0,0
588,1,1.0,60.0,1.0,0.0,0.0,1,0,1,0
589,0,3.0,22.0,1.0,0.0,1.0,0,0,0,0
590,0,3.0,31.023959285203837,1.0,0.0,1.0,0,0,0,0
591,0,3.0,35.0,1.0,0.0,1.0,0,0,0,0
592,1,1.0,52.0,0.0,0.0,0.0,1,0,0,0
593,0,3.0,47.0,1.0,0.0,1.0,0,0,0,0
594,0,3.0,25.196747392198418,0.0,1.0,0.0,0,0,1,0
595,0,2.0,37.0,1.0,0.0,1.0,1,0,0,0
596,0,3.0,36.0,1.0,0.0,1.0,1,0,1,0
597,1,2.0,30.798136756566265,0.0,0.0,1.0,0,0,0,0
598,0,3.0,49.0,1.0,0.0,1.0,0,0,0,0
599,0,3.0,27.403438170995745,1.0,0.0,0.0,0,0,0,0
600,1,1.0,49.0,1.0,0.0,0.0,1,0,0,0
601,1,2.0,24.0,0.0,0.0,1.0,0,1,1,0
602,0,3.0,29.511155238025044,1.0,0.0,1.0,0,0,0,0
603,0,1.0,33.5995236989357,1.0,0.0,1.0,0,0,0,0
604,0,3.0,44.0,1.0,0.0,1.0,0,0,0,0
605,1,1.0,35.0,1.0,0.0,0.0,0,0,0,0
606,0,3.0,36.0,1.0,0.0,1.0,1,0,0,0
607,0,3.0,30.0,1.0,0.0,1.0,0,0,0,0
608,1,1.0,27.0,1.0,0.0,1.0,0,0,0,0
609,1,2.0,22.0,0.0,0.0,0.0,1,0,1,0
610,1,1.0,40.0,0.0,0.0,1.0,0,0,0,0
611,0,3.0,39.0,0.0,0.0,1.0,1,0,0,1
612,0,3.0,26.278277624015026,1.0,0.0,1.0,0,0,0,0
613,1,3.0,23.8928084354303,0.0,1.0,0.0,1,0,0,0
614,0,3.0,26.97258106838464,1.0,1.0,0.0,0,0,0,0
615,0,3.0,35.0,1.0,0.0,1.0,0,0,0,0
616,1,2.0,24.0,0.0,0.0,1.0,1,0,1,0
617,0,3.0,34.0,1.0,0.0,1.0,1,0,1,0
618,0,3.0,26.0,0.0,0.0,1.0,1,0,0,0
619,1,2.0,4.0,0.0,0.0,1.0,0,1,1,0
620,0,2.0,26.0,1.0,0.0,1.0,0,0,0,0
621,0,3.0,27.0,1.0,0.0,0.0,1,0,0,0
622,1,1.0,42.0,1.0,0.0,1.0,1,0,0,0
623,1,3.0,20.0,1.0,0.0,0.0,1,0,1,0
624,0,3.0,21.0,1.0,0.0,1.0,0,0,0,0
625,0,3.0,21.0,1.0,0.0,1.0,0,0,0,0
626,0,1.0,61.0,1.0,0.0,1.0,0,0,0,0
627,0,2.0,57.0,1.0,1.0,0.0,0,0,0,0
628,1,1.0,21.0,0.0,0.0,1.0,0,0,0,0
629,0,3.0,26.0,1.0,0.0,1.0,0,0,0,0
630,0,3.0,28.418256672428942,1.0,1.0,0.0,0,0,0,0
631,1,1.0,80.0,1.0,0.0,1.0,0,0,0,0
632,0,3.0,51.0,1.0,0.0,1.0,0,0,0,0
633,1,1.0,32.0,1.0,0.0,0.0,0,0,0,0
634,0,1.0,31.782048033772686,1.0,0.0,1.0,0,0,0,0
635,0,3.0,9.0,0.0,0.0,1.0,0,1,1,0
636,1,2.0,28.0,0.0,0.0,1.0,0,0,0,0
637,0,3.0,32.0,1.0,0.0,1.0,0,0,0,0
638,0,2.0,31.0,1.0,0.0,1.0,1,0,1,0
639,0,3.0,41.0,0.0,0.0,1.0,0,0,0,1
640,0,3.0,25.59761639354751,1.0,0.0,1.0,1,0,0,0
641,0,3.0,20.0,1.0,0.0,1.0,0,0,0,0
642,1,1.0,24.0,0.0,0.0,0.0,0,0,0,0
643,0,3.0,2.0,0.0,0.0,1.0,0,1,1,0
644,1,3.0,28.256327091783415,1.0,0.0,1.0,0,0,0,0
645,1,3.0,0.75,0.0,0.0,0.0,0,1,1,0
646,1,1.0,48.0,1.0,0.0,0.0,1,0,0,0
647,0,3.0,19.0,1.0,0.0,1.0,0,0,0,0
648,1,1.0,56.0,1.0,0.0,0.0,0,0,0,0
649,0,3.0,28.031951011834675,1.0,0.0,1.0,0,0,0,0
650,1,3.0,23.0,0.0,0.0,1.0,0,0,0,0
651,0,3.0,30.00710499449514,1.0,0.0,1.0,0,0,0,0
652,1,2.0,18.0,0.0,0.0,1.0,0,0,1,0
653,0,3.0,21.0,1.0,0.0,1.0,0,0,0,0
654,1,3.0,27.76221151225906,0.0,1.0,0.0,0,0,0,0
655,0,3.0,18.0,0.0,1.0,0.0,0,0,0,0
656,0,2.0,24.0,1.0,0.0,1.0,0,1,0,0
657,0,3.0,29.540489479537946,1.0,0.0,1.0,0,0,0,0
658,0,3.0,32.0,0.0,1.0,0.0,1,0,1,0
659,0,2.0,23.0,1.0,0.0,1.0,0,0,0,0
660,0,1.0,58.0,1.0,0.0,0.0,0,0,1,0
661,1,1.0,50.0,1.0,0.0,1.0,0,1,0,0
662,0,3.0,40.0,1.0,0.0,0.0,0,0,0,0
663,0,1.0,47.0,1.0,0.0,1.0,0,0,0,0
664,0,3.0,36.0,1.0,0.0,1.0,0,0,0,0
665,1,3.0,20.0,1.0,0.0,1.0,1,0,0,0
666,0,2.0,32.0,1.0,0.0,1.0,0,1,0,0
667,0,2.0,25.0,1.0,0.0,1.0,0,0,0,0
668,0,3.0,26.814280427073466,1.0,0.0,1.0,0,0,0,0
669,0,3.0,43.0,1.0,0.0,1.0,0,0,0,0
670,1,1.0,30.460876249523345,0.0,0.0,1.0,1,0,0,0
671,1,2.0,40.0,0.0,0.0,1.0,1,0,1,0
672,0,1.0,31.0,1.0,0.0,1.0,1,0,0,0
673,0,2.0,70.0,1.0,0.0,1.0,0,0,0,0
674,1,2.0,31.0,1.0,0.0,1.0,0,0,0,0
675,0,2.0,29.090093607991435,1.0,0.0,1.0,0,0,0,0
676,0,3.0,18.0,1.0,0.0,1.0,0,0,0,0
677,0,3.0,24.5,1.0,0.0,1.0,0,0,0,0
678,1,3.0,18.0,0.0,0.0,1.0,0,0,0,0
679,0,3.0,43.0,0.0,0.0,1.0,1,0,0,1
680,1,1.0,36.0,1.0,0.0,0.0,0,0,1,0
681,0,3.0,24.597944214058636,0.0,1.0,0.0,0,0,0,0
682,1,1.0,27.0,1.0,0.0,0.0,0,0,0,0
683,0,3.0,20.0,1.0,0.0,1.0,0,0,0,0
684,0,3.0,14.0,1.0,0.0,1.0,0,1,1,0
685,0,2.0,60.0,1.0,0.0,1.0,1,0,1,0
686,0,2.0,25.0,1.0,0.0,0.0,1,0,1,0
687,0,3.0,14.0,1.0,0.0,1.0,0,1,1,0
688,0,3.0,19.0,1.0,0.0,1.0,0,0,0,0
689,0,3.0,18.0,1.0,0.0,1.0,0,0,0,0
690,1,1.0,15.0,0.0,0.0,1.0,0,0,1,0
691,1,1.0,31.0,1.0,0.0,1.0,1,0,0,0
692,1,3.0,4.0,0.0,0.0,0.0,0,0,1,0
693,1,3.0,29.117822166954255,1.0,0.0,1.0,0,0,0,0
694,0,3.0,25.0,1.0,0.0,0.0,0,0,0,0
695,0,1.0,60.0,1.0,0.0,1.0,0,0,0,0
696,0,2.0,52.0,1.0,0.0,1.0,0,0,0,0
697,0,3.0,44.0,1.0,0.0,1.0,0,0,0,0
698,1,3.0,26.63338261672342,0.0,1.0,0.0,0,0,0,0
699,0,1.0,49.0,1.0,0.0,0.0,1,0,1,0
700,0,3.0,42.0,1.0,0.0,1.0,0,0,0,0
701,1,1.0,18.0,0.0,0.0,0.0,1,0,0,0
702,1,1.0,35.0,1.0,0.0,1.0,0,0,0,0
703,0,3.0,18.0,0.0,0.0,0.0,0,0,1,0
704,0,3.0,25.0,1.0,1.0,0.0,0,0,0,0
705,0,3.0,26.0,1.0,0.0,1.0,1,0,0,0
706,0,2.0,39.0,1.0,0.0,1.0,0,0,0,0
707,1,2.0,45.0,0.0,0.0,1.0,0,0,0,0
708,1,1.0,42.0,1.0,0.0,1.0,0,0,0,0
709,1,1.0,22.0,0.0,0.0,1.0,0,0,0,0
710,1,3.0,24.748850691855967,1.0,0.0,0.0,1,0,1,0
711,1,1.0,24.0,0.0,0.0,0.0,0,0,0,0
712,0,1.0,37.63035799794244,1.0,0.0,1.0,0,0,0,0
713,1,1.0,48.0,1.0,0.0,1.0,1,0,0,0
714,0,3.0,29.0,1.0,0.0,1.0,0,0,0,0
715,0,2.0,52.0,1.0,0.0,1.0,0,0,0,0
716,0,3.0,19.0,1.0,0.0,1.0,0,0,0,0
717,1,1.0,38.0,0.0,0.0,0.0,0,0,0,0
718,1,2.0,27.0,0.0,0.0,1.0,0,0,0,0
719,0,3.0,25.609183832940698,1.0,1.0,0.0,0,0,0,0
720,0,3.0,33.0,1.0,0.0,1.0,0,0,0,0
721,1,2.0,6.0,0.0,0.0,1.0,0,0,1,0
722,0,3.0,17.0,1.0,0.0,1.0,1,0,0,0
723,0,2.0,34.0,1.0,0.0,1.0,0,0,0,0
724,0,2.0,50.0,1.0,0.0,1.0,0,0,0,0
725,1,1.0,27.0,1.0,0.0,1.0,1,0,0,0
726,0,3.0,20.0,1.0,0.0,1.0,0,0,0,0
727,1,2.0,30.0,0.0,0.0,1.0,0,1,0,0
728,1,3.0,27.525855448091612,0.0,1.0,0.0,0,0,0,0
729,0,2.0,25.0,1.0,0.0,1.0,1,0,0,0
730,0,3.0,25.0,0.0,0.0,1.0,1,0,0,0
731,1,1.0,29.0,0.0,0.0,1.0,0,0,0,0
732,0,3.0,11.0,1.0,0.0,0.0,0,0,0,0
733,0,2.0,31.258154860574997,1.0,0.0,1.0,0,0,0,0
734,0,2.0,23.0,1.0,0.0,1.0,0,0,0,0
735,0,2.0,23.0,1.0,0.0,1.0,0,0,0,0
736,0,3.0,28.5,1.0,0.0,1.0,0,0,0,0
737,0,3.0,48.0,0.0,0.0,1.0,1,0,0,1
738,1,1.0,35.0,1.0,0.0,0.0,0,0,0,0
739,0,3.0,29.510905928663927,1.0,0.0,1.0,0,0,0,0
740,0,3.0,26.751956496181016,1.0,0.0,1.0,0,0,0,0
741,1,1.0,38.05328747763611,1.0,0.0,1.0,0,0,0,0
742,0,1.0,36.0,1.0,0.0,1.0,1,0,0,0
743,1,1.0,21.0,0.0,0.0,0.0,0,1,1,0
744,0,3.0,24.0,1.0,0.0,1.0,1,0,0,0
745,1,3.0,31.0,1.0,0.0,1.0,0,0,0,0
746,0,1.0,70.0,1.0,0.0,1.0,1,0,1,0
747,0,3.0,16.0,1.0,0.0,1.0,1,0,1,0
748,1,2.0,30.0,0.0,0.0,1.0,0,0,0,0
749,0,1.0,19.0,1.0,0.0,1.0,1,0,0,0
750,0,3.0,31.0,1.0,1.0,0.0,0,0,0,0
751,1,2.0,4.0,0.0,0.0,1.0,1,0,1,0
752,1,3.0,6.0,1.0,0.0,1.0,0,0,1,0
753,0,3.0,33.0,1.0,0.0,1.0,0,0,0,0
754,0,3.0,23.0,1.0,0.0,1.0,0,0,0,0
755,1,2.0,48.0,0.0,0.0,1.0,1,0,1,0
756,1,2.0,0.67,1.0,0.0,1.0,1,0,1,0
757,0,3.0,28.0,1.0,0.0,1.0,0,0,0,0
758,0,2.0,18.0,1.0,0.0,1.0,0,0,0,0
759,0,3.0,34.0,1.0,0.0,1.0,0,0,0,0
760,1,1.0,33.0,0.0,0.0,1.0,0,0,0,0
761,0,3.0,27.849595617460526,1.0,0.0,1.0,0,0,0,0
762,0,3.0,41.0,1.0,0.0,1.0,0,0,0,0
763,1,3.0,20.0,1.0,0.0,0.0,0,0,0,0
764,1,1.0,36.0,0.0,0.0,1.0,1,0,1,0
765,0,3.0,16.0,1.0,0.0,1.0,0,0,0,0
766,1,1.0,51.0,0.0,0.0,1.0,1,0,0,0
767,0,1.0,38.753957076259866,1.0,0.0,0.0,0,0,0,0
768,0,3.0,30.5,0.0,1.0,0.0,0,0,0,0
769,0,3.0,24.86593119589514,1.0,1.0,0.0,1,0,0,0
770,0,3.0,32.0,1.0,0.0,1.0,0,0,0,0
771,0,3.0,24.0,1.0,0.0,1.0,0,0,0,0
772,0,3.0,48.0,1.0,0.0,1.0,0,0,0,0
773,0,2.0,57.0,0.0,0.0,1.0,0,0,0,0
774,0,3.0,28.503305171601728,1.0,0.0,0.0,0,0,0,0
775,1,2.0,54.0,0.0,0.0,1.0,1,0,0,1
776,0,3.0,18.0,1.0,0.0,1.0,0,0,0,0
777,0,3.0,27.48087611241592,1.0,1.0,0.0,0,0,0,0
778,1,3.0,5.0,0.0,0.0,1.0,0,0,0,0
779,0,3.0,29.561626360442524,1.0,1.0,0.0,0,0,0,0
780,1,1.0,43.0,0.0,0.0,1.0,0,0,1,0
781,1,3.0,13.0,0.0,0.0,0.0,0,0,0,0
782,1,1.0,17.0,0.0,0.0,1.0,1,0,0,0
783,0,1.0,29.0,1.0,0.0,1.0,0,0,0,0
784,0,3.0,22.87329776924014,1.0,0.0,1.0,1,0,1,0
785,0,3.0,25.0,1.0,0.0,1.0,0,0,0,0
786,0,3.0,25.0,1.0,0.0,1.0,0,0,0,0
787,1,3.0,18.0,0.0,0.0,1.0,0,0,0,0
788,0,3.0,8.0,1.0,1.0,0.0,0,1,1,0
789,1,3.0,1.0,1.0,0.0,1.0,1,0,1,0
790,0,1.0,46.0,1.0,0.0,0.0,0,0,0,0
791,0,3.0,27.262925845808844,1.0,1.0,0.0,0,0,0,0
792,0,2.0,16.0,1.0,0.0,1.0,0,0,0,0
793,0,3.0,3.6974681674682457,0.0,0.0,1.0,0,1,1,0
794,0,1.0,36.51050597519598,1.0,0.0,0.0,0,0,0,0
795,0,3.0,25.0,1.0,0.0,1.0,0,0,0,0
796,0,2.0,39.0,1.0,0.0,1.0,0,0,0,0
797,1,1.0,49.0,0.0,0.0,1.0,0,0,0,0
798,1,3.0,31.0,0.0,0.0,1.0,0,0,0,0
799,0,3.0,30.0,1.0,0.0,0.0,0,0,0,0
800,0,3.0,30.0,0.0,0.0,1.0,1,0,1,0
801,0,2.0,34.0,1.0,0.0,1.0,0,0,0,0
802,1,2.0,31.0,0.0,0.0,1.0,1,0,1,0
803,1,1.0,11.0,1.0,0.0,1.0,1,0,1,0
804,1,3.0,0.42,1.0,0.0,0.0,0,0,1,0
805,1,3.0,27.0,1.0,0.0,1.0,0,0,0,0
806,0,3.0,31.0,1.0,0.0,1.0,0,0,0,0
807,0,1.0,39.0,1.0,0.0,1.0,0,0,0,0
808,0,3.0,18.0,0.0,0.0,1.0,0,0,0,0
809,0,2.0,39.0,1.0,0.0,1.0,0,0,0,0
810,1,1.0,33.0,0.0,0.0,1.0,1,0,0,0
811,0,3.0,26.0,1.0,0.0,1.0,0,0,0,0
812,0,3.0,39.0,1.0,0.0,1.0,0,0,0,0
813,0,2.0,35.0,1.0,0.0,1.0,0,0,0,0
814,0,3.0,6.0,0.0,0.0,1.0,0,1,1,0
815,0,3.0,30.5,1.0,0.0,1.0,0,0,0,0
816,0,1.0,31.023801930964108,1.0,0.0,1.0,0,0,0,0
817,0,3.0,23.0,0.0,0.0,1.0,0,0,0,0
818,0,2.0,31.0,1.0,0.0,0.0,1,0,1,0
819,0,3.0,43.0,1.0,0.0,1.0,0,0,0,0
820,0,3.0,10.0,1.0,0.0,1.0,0,1,1,0
821,1,1.0,52.0,0.0,0.0,1.0,1,0,1,0
822,1,3.0,27.0,1.0,0.0,1.0,0,0,0,0
823,0,1.0,38.0,1.0,0.0,1.0,0,0,0,0
824,1,3.0,27.0,0.0,0.0,1.0,0,0,1,0
825,0,3.0,2.0,1.0,0.0,1.0,0,1,1,0
826,0,3.0,29.489359802357793,1.0,1.0,0.0,0,0,0,0
827,0,3.0,28.109715791672865,1.0,0.0,1.0,0,0,0,0
828,1,2.0,1.0,1.0,0.0,0.0,0,0,1,0
829,1,3.0,29.619372484309825,1.0,1.0,0.0,0,0,0,0
830,1,1.0,62.0,0.0,0.0,1.0,0,0,0,0
831,1,3.0,15.0,0.0,0.0,0.0,1,0,0,0
832,1,2.0,0.83,1.0,0.0,1.0,1,0,1,0
833,0,3.0,26.16359509749728,1.0,0.0,0.0,0,0,0,0
834,0,3.0,23.0,1.0,0.0,1.0,0,0,0,0
835,0,3.0,18.0,1.0,0.0,1.0,0,0,0,0
836,1,1.0,39.0,0.0,0.0,0.0,1,0,1,0
837,0,3.0,21.0,1.0,0.0,1.0,0,0,0,0
838,0,3.0,30.594028806873595,1.0,0.0,1.0,0,0,0,0
839,1,3.0,32.0,1.0,0.0,1.0,0,0,0,0
840,1,1.0,35.53828414030554,1.0,0.0,0.0,0,0,0,0
841,0,3.0,20.0,1.0,0.0,1.0,0,0,0,0
842,0,2.0,16.0,1.0,0.0,1.0,0,0,0,0
843,1,1.0,30.0,0.0,0.0,0.0,0,0,0,0
844,0,3.0,34.5,1.0,0.0,0.0,0,0,0,0
845,0,3.0,17.0,1.0,0.0,1.0,0,0,0,0
846,0,3.0,42.0,1.0,0.0,1.0,0,0,0,0
847,0,3.0,5.7377211765185505,1.0,0.0,1.0,0,1,1,0
848,0,3.0,35.0,1.0,0.0,0.0,0,0,0,0
849,0,2.0,28.0,1.0,0.0,1.0,0,0,1,0
850,1,1.0,36.57792083070302,0.0,0.0,0.0,1,0,0,0
851,0,3.0,4.0,1.0,0.0,1.0,0,1,1,0
852,0,3.0,74.0,1.0,0.0,1.0,0,0,0,0
853,0,3.0,9.0,0.0,0.0,0.0,1,0,1,0
854,1,1.0,16.0,0.0,0.0,1.0,0,0,1,0
855,0,2.0,44.0,0.0,0.0,1.0,1,0,0,0
856,1,3.0,18.0,0.0,0.0,1.0,0,0,1,0
857,1,1.0,45.0,0.0,0.0,1.0,1,0,1,0
858,1,1.0,51.0,1.0,0.0,1.0,0,0,0,0
859,1,3.0,24.0,0.0,0.0,0.0,0,0,0,1
860,0,3.0,28.63226395917383,1.0,0.0,0.0,0,0,0,0
861,0,3.0,41.0,1.0,0.0,1.0,0,1,0,0
862,0,2.0,21.0,1.0,0.0,1.0,1,0,0,0
863,1,1.0,48.0,0.0,0.0,1.0,0,0,0,0
864,0,3.0,2.60884633804363,0.0,0.0,1.0,0,1,1,0
865,0,2.0,24.0,1.0,0.0,1.0,0,0,0,0
866,1,2.0,42.0,0.0,0.0,1.0,0,0,0,0
867,1,2.0,27.0,0.0,0.0,0.0,1,0,0,0
868,0,1.0,31.0,1.0,0.0,1.0,0,0,0,0
869,0,3.0,26.95500281031929,1.0,0.0,1.0,0,0,0,0
870,1,3.0,4.0,1.0,0.0,1.0,1,0,1,0
871,0,3.0,26.0,1.0,0.0,1.0,0,0,0,0
872,1,1.0,47.0,0.0,0.0,1.0,1,0,1,0
873,0,1.0,33.0,1.0,0.0,1.0,0,0,0,0
874,0,3.0,47.0,1.0,0.0,1.0,0,0,0,0
875,1,2.0,28.0,0.0,0.0,0.0,1,0,0,0
876,1,3.0,15.0,0.0,0.0,0.0,0,0,0,0
877,0,3.0,20.0,1.0,0.0,1.0,0,0,0,0
878,0,3.0,19.0,1.0,0.0,1.0,0,0,0,0
879,0,3.0,29.585227728532747,1.0,0.0,1.0,0,0,0,0
880,1,1.0,56.0,0.0,0.0,0.0,0,0,1,0
881,1,2.0,25.0,0.0,0.0,1.0,0,0,1,0
882,0,3.0,33.0,1.0,0.0,1.0,0,0,0,0
883,0,3.0,22.0,0.0,0.0,1.0,0,0,0,0
884,0,2.0,28.0,1.0,0.0,1.0,0,0,0,0
885,0,3.0,25.0,1.0,0.0,1.0,0,0,0,0
886,0,3.0,39.0,0.0,1.0,0.0,0,0,0,1
887,0,2.0,27.0,1.0,0.0,1.0,0,0,0,0
888,1,1.0,19.0,0.0,0.0,1.0,0,0,0,0
889,0,3.0,22.9641559841856,0.0,0.0,1.0,1,0,1,0
890,1,1.0,26.0,1.0,0.0,0.0,0,0,0,0
891,0,3.0,32.0,1.0,1.0,0.0,0,0,0,0
